BuildingType,YearBuilt,NumberofFloors,PropertyGFABuilding(s),LargestPropertyUseType,ENERGYSTARScore,SiteEnergyUse(kBtu),TotalGHGEmissions
SPS-District K-12,1961,2,56228,K-12 School,95.0,1539478.5,38.53
NonResidential,2001,6,58006,Hotel,84.0,3663534.5,90.01
NonResidential,1978,5,52210,Hotel,57.0,4456714.5,128.44
SPS-District K-12,1990,2,54986,K-12 School,97.0,1650279.25,31.47
NonResidential,1961,2,94900,Office,57.0,6186461.5,130.56
NonResidential,1900,2,52554,Office,83.0,2951331.25,83.86
NonResidential,1910,8,59400,Office,14.0,5071974.0,35.36
NonResidential,1985,7,71150,Hotel,98.0,5348309.0,134.38
NonResidential,1962,2,54984,Office,71.0,3375211.0,87.98
NonResidential,2008,6,63371,Hotel,74.0,3706100.25,67.06
NonResidential,1929,2,58320,Retail Store,96.0,1049748.625,39.06
NonResidential,1970,4,50283,Office,68.0,3476212.5,48.76
NonResidential,1923,3,67743,K-12 School,34.0,2646879.0,78.85
NonResidential,2003,3,63681,Office,63.0,4897760.0,34.14
SPS-District K-12,1989,3,59955,K-12 School,93.0,1633399.375,20.48
SPS-District K-12,1964,2,93218,K-12 School,86.0,2887392.0,84.75
NonResidential,2001,4,51390,Hotel,89.0,3611538.0,127.29
SPS-District K-12,1963,2,131013,K-12 School,88.0,3894584.5,124.92
NonResidential,2002,3,69138,Hotel,78.0,3242458.0,89.02
SPS-District K-12,1991,2,55513,K-12 School,93.0,1513570.75,10.55
SPS-District K-12,2001,3,78804,K-12 School,92.0,2499140.0,56.82
SPS-District K-12,2002,3,66994,K-12 School,79.0,2371304.5,41.74
SPS-District K-12,2000,3,98357,K-12 School,88.0,3456131.5,94.64
NonResidential,2001,4,102100,Residence Hall/Dormitory,89.0,4448582.5,129.39
SPS-District K-12,2002,3,62526,K-12 School,96.0,1986094.875,54.07
NonResidential,2007,3,64015,Office,21.0,3242077.75,49.58
NonResidential,1996,3,55442,Financial Office,72.0,3191228.25,83.7
NonResidential,1904,4,114297,Non-Refrigerated Warehouse,61.0,2100097.75,69.44
NonResidential,1966,1,64984,Retail Store,72.0,2944296.25,35.78
SPS-District K-12,1958,1,46797,K-12 School,86.0,2075891.0,73.47
SPS-District K-12,2004,2,67371,K-12 School,92.0,2128459.0,46.36
SPS-District K-12,2010,3,127776,K-12 School,75.0,4748137.0,80.08
SPS-District K-12,1999,2,67235,K-12 School,89.0,2284133.75,49.12
SPS-District K-12,1991,3,58118,K-12 School,97.0,1407277.25,21.29
NonResidential,1900,3,44558,Office,78.0,1677002.25,28.27
SPS-District K-12,1999,1,71714,K-12 School,87.0,2371358.0,36.24
NonResidential,1991,3,67236,Non-Refrigerated Warehouse,91.0,549181.375,9.63
NonResidential,1928,2,55653,K-12 School,98.0,1377627.0,72.88
NonResidential,1972,5,50759,Office,62.0,3147042.0,49.09
NonResidential,1952,2,56772,Worship Facility,46.0,2439484.75,84.57
SPS-District K-12,2001,3,75174,K-12 School,77.0,2733846.0,71.86
SPS-District K-12,2003,3,75214,K-12 School,88.0,2334260.0,43.98
SPS-District K-12,2005,3,134918,K-12 School,91.0,3822102.5,69.42
SPS-District K-12,1991,2,64414,K-12 School,67.0,2295176.5,16.0
NonResidential,1914,4,56500,Office,98.0,1380293.625,44.22
NonResidential,1981,4,59158,Office,57.0,5007401.0,68.19
NonResidential,1916,5,73399,Office,61.0,3757006.0,26.19
NonResidential,1900,7,89550,Office,85.0,3903259.75,51.67
NonResidential,1900,6,89355,Office,66.0,4178233.5,31.97
NonResidential,1968,8,94948,Office,81.0,3743228.5,26.1
NonResidential,1909,7,106099,Office,99.0,2746560.75,70.17
NonResidential,1978,2,89200,Retail Store,83.0,6461937.0,89.47
NonResidential,2002,6,90803,Office,88.0,4426136.0,30.86
NonResidential,2002,5,137929,Office,93.0,7046345.5,49.12
NonResidential,1900,5,50176,Office,77.0,2933288.75,24.91
NonResidential,1977,1,128800,Non-Refrigerated Warehouse,97.0,1809101.5,78.92
NonResidential,1960,1,52311,Non-Refrigerated Warehouse,96.0,930611.875,48.65
NonResidential,2001,5,106465,Office,60.0,5803409.0,40.46
NonResidential,1973,1,52500,Non-Refrigerated Warehouse,2.0,3989399.0,70.47
NonResidential,1914,4,79957,Retail Store,25.0,5252131.0,36.61
NonResidential,1984,6,96630,Office,45.0,7335905.5,51.14
NonResidential,1906,4,63540,Office,72.0,3518459.5,74.83
NonResidential,1999,4,70000,Office,72.0,4549892.0,31.72
NonResidential,1925,4,52800,Office,83.0,2429021.0,44.48
NonResidential,2001,1,123061,Non-Refrigerated Warehouse,59.0,1987934.625,13.86
NonResidential,1963,1,59090,Distribution Center,45.0,2756214.75,117.11
NonResidential,1963,1,106000,Non-Refrigerated Warehouse,93.0,763364.5,5.32
NonResidential,1960,1,119661,Distribution Center,97.0,775729.1875,5.44
NonResidential,2001,7,94472,Office,81.0,4342597.0,30.27
NonResidential,1984,6,61800,Office,95.0,3063504.5,21.36
NonResidential,1974,5,74880,Office,56.0,5134607.5,35.8
NonResidential,1979,6,88774,Office,53.0,6029121.5,42.03
NonResidential,1983,5,122250,Office,93.0,5535626.0,38.59
NonResidential,1979,4,53730,Office,20.0,4742869.0,33.06
NonResidential,1960,3,55593,Office,55.0,4224872.5,93.23
NonResidential,1982,4,73096,Office,54.0,4695139.0,32.73
NonResidential,1985,4,58195,Office,81.0,2991674.75,20.86
NonResidential,2009,5,118248,Office,95.0,5671256.0,40.47
NonResidential,2004,6,86700,Office,96.0,3238216.0,22.57
NonResidential,1914,5,127800,Non-Refrigerated Warehouse,56.0,2767491.0,29.53
NonResidential,2006,4,136143,Office,97.0,6917478.5,122.68
NonResidential,1954,3,67380,Non-Refrigerated Warehouse,66.0,2755829.0,74.1
NonResidential,1974,5,67236,Office,80.0,3415561.25,23.81
NonResidential,1972,5,66762,Office,69.0,3632613.75,25.32
NonResidential,1970,5,66762,Office,86.0,3493093.75,24.35
NonResidential,1971,5,66400,Office,75.0,3484915.5,24.29
NonResidential,1997,4,98475,Non-Refrigerated Warehouse,83.0,1090496.625,22.44
NonResidential,2008,1,63225,Supermarket/Grocery Store,100.0,6522551.5,45.47
NonResidential,1999,3,94400,Non-Refrigerated Warehouse,38.0,784364.5,10.24
NonResidential,1988,3,95426,Office,73.0,4991360.5,34.9
NonResidential,2000,4,53472,Office,84.0,3897738.0,27.17
NonResidential,2001,3,62332,Office,70.0,5413418.0,37.74
NonResidential,1967,2,90000,Non-Refrigerated Warehouse,87.0,1429146.375,17.17
NonResidential,1941,2,63240,Non-Refrigerated Warehouse,100.0,227566.7031,8.15
NonResidential,1997,4,106041,Non-Refrigerated Warehouse,94.0,1123943.0,25.58
NonResidential,1966,1,22780,Non-Refrigerated Warehouse,33.0,402051.3125,2.8
NonResidential,1967,1,50065,Distribution Center,72.0,1529510.25,42.65
NonResidential,1969,1,57540,Distribution Center,26.0,2582687.0,76.68
NonResidential,1966,1,85400,Non-Refrigerated Warehouse,49.0,1536998.25,10.72
NonResidential,1966,1,55700,Non-Refrigerated Warehouse,63.0,519806.0938,3.62
NonResidential,1964,1,53250,Office,96.0,1794187.25,46.93
NonResidential,1987,6,50245,Office,98.0,2179719.75,28.63
NonResidential,1986,3,64660,Non-Refrigerated Warehouse,89.0,325513.0,6.32
NonResidential,1980,1,52613,Distribution Center,80.0,1061458.25,32.02
NonResidential,1914,2,62220,Office,32.0,5444253.5,38.55
NonResidential,1970,1,65430,Office,89.0,3181045.5,90.24
NonResidential,2006,3,59850,Office,26.0,6062770.5,49.17
NonResidential,1989,2,98024,Distribution Center,94.0,1988334.5,42.25
NonResidential,1990,5,77953,Office,62.0,5135040.0,35.8
NonResidential,1981,6,86483,Office,56.0,6361236.5,44.35
NonResidential,1976,1,51600,Distribution Center,75.0,1124543.125,22.1
NonResidential,1968,1,140520,Non-Refrigerated Warehouse,61.0,2225512.0,57.73
NonResidential,1986,5,91649,Office,95.0,4636396.5,58.88
NonResidential,1980,1,50417,Non-Refrigerated Warehouse,14.0,1847401.0,58.67
NonResidential,2000,4,104500,Office,91.0,6486377.5,45.22
NonResidential,1969,2,104786,Non-Refrigerated Warehouse,93.0,1028376.875,23.86
NonResidential,1948,1,53620,Office,86.0,2058955.25,22.12
NonResidential,1938,1,50008,Office,62.0,3202213.0,65.3
NonResidential,1957,1,50832,Non-Refrigerated Warehouse,63.0,2551022.25,107.16
NonResidential,1971,1,76354,Refrigerated Warehouse,70.0,2843033.5,20.29
NonResidential,1956,1,98480,Non-Refrigerated Warehouse,65.0,2831565.5,39.5
NonResidential,1904,2,53002,Retail Store,75.0,3441643.25,64.0
NonResidential,1970,7,94002,Office,70.0,5662234.0,39.47
NonResidential,1974,1,93020,Non-Refrigerated Warehouse,60.0,1252323.875,8.73
NonResidential,1904,5,78920,Office,88.0,2830674.75,19.73
NonResidential,1906,7,99440,Office,64.0,6606832.5,134.69
NonResidential,1907,6,73260,Office,82.0,2853189.5,19.89
NonResidential,1900,4,69817,Office,87.0,2178074.5,76.8
NonResidential,1909,6,73470,Office,83.0,3212269.0,22.39
NonResidential,1910,3,56700,Office,37.0,2371575.0,31.58
NonResidential,1922,1,82852,Non-Refrigerated Warehouse,83.0,2153603.5,65.56
NonResidential,1962,2,92792,Distribution Center,56.0,3155496.0,74.18
NonResidential,1900,4,103200,Office,80.0,4374646.0,30.5
NonResidential,1954,1,78814,Non-Refrigerated Warehouse,69.0,861972.875,16.48
NonResidential,1910,6,64800,Distribution Center,15.0,2688675.75,18.74
NonResidential,1904,4,66842,Office,31.0,5608600.5,138.35
NonResidential,1909,6,64488,Office,81.0,2891605.0,20.18
NonResidential,1930,3,60592,Office,16.0,5049446.5,47.25
NonResidential,1993,1,107930,Retail Store,57.0,7221482.5,100.42
NonResidential,1926,1,99084,Non-Refrigerated Warehouse,83.0,1618110.375,49.25
NonResidential,1953,1,72719,Distribution Center,28.0,2581741.75,42.74
NonResidential,1973,1,56572,Retail Store,66.0,2409429.0,67.29
NonResidential,1987,7,94500,Medical Office,68.0,5792926.0,40.38
NonResidential,1900,6,56700,Office,55.0,3065954.5,21.37
NonResidential,1925,4,72000,Office,89.0,2729167.75,23.48
NonResidential,2000,4,96254,Office,93.0,5101504.5,35.56
NonResidential,1982,5,98668,Office,91.0,4391348.0,30.61
NonResidential,1978,1,50660,Retail Store,51.0,2661488.0,60.7
NonResidential,1937,2,61929,Office,59.0,2203026.5,55.73
NonResidential,1925,3,20565,Office,65.0,802312.5,5.59
NonResidential,2000,5,103966,Office,63.0,7857972.5,54.78
NonResidential,1986,5,129362,Office,95.0,5514308.5,116.74
NonResidential,1910,6,112560,Office,86.0,4946798.5,97.82
NonResidential,1910,6,86204,Other,89.0,3241917.0,69.02
NonResidential,1960,1,110613,Distribution Center,95.0,1015060.188,7.08
NonResidential,1951,3,98220,Non-Refrigerated Warehouse,12.0,6468090.0,75.29
NonResidential,1970,1,84420,Distribution Center,55.0,2848317.25,19.86
NonResidential,1987,1,111908,Distribution Center,87.0,1555420.25,34.14
NonResidential,2001,4,71037,Office,5.0,4817062.0,33.58
NonResidential,2000,2,51374,Office,33.0,5481549.0,38.21
NonResidential,1998,5,110524,Office,57.0,6859198.0,47.82
NonResidential,1974,5,84210,Office,85.0,4750799.0,65.03
NonResidential,1929,4,78920,Retail Store,80.0,8303666.5,109.85
NonResidential,1979,7,43983,Office,93.0,5177270.5,109.16
NonResidential,1940,3,83118,Retail Store,59.0,2443141.5,27.82
NonResidential,1924,3,77555,Retail Store,39.0,7802205.5,54.4
NonResidential,1909,6,51218,Office,57.0,2886141.5,20.12
NonResidential,1910,7,122356,Office,91.0,4585070.5,41.8
NonResidential,1921,3,52298,Office,89.0,1968655.125,13.72
NonResidential,1910,6,81300,Office,83.0,4052720.0,31.43
NonResidential,1907,6,62370,Office,30.0,4353025.0,30.35
NonResidential,1960,1,73296,Non-Refrigerated Warehouse,83.0,2356376.75,73.58
NonResidential,1966,1,115620,Non-Refrigerated Warehouse,11.0,1951856.25,13.61
NonResidential,1969,1,71718,Distribution Center,100.0,151754.2969,1.06
NonResidential,1969,1,55450,Non-Refrigerated Warehouse,31.0,4345698.0,131.64
NonResidential,1979,1,54880,Distribution Center,32.0,2763597.0,89.53
NonResidential,1900,6,79920,Office,83.0,5392617.5,74.45
NonResidential,2009,6,68100,Office,63.0,4865551.5,79.39
NonResidential,1966,2,123000,Non-Refrigerated Warehouse,47.0,3004271.0,20.94
NonResidential,1978,1,60448,Non-Refrigerated Warehouse,90.0,1052244.75,27.24
NonResidential,1987,5,90266,Financial Office,18.0,7771933.5,54.18
NonResidential,2004,4,80874,Non-Refrigerated Warehouse,87.0,1165598.875,14.49
NonResidential,1988,4,132828,Non-Refrigerated Warehouse,83.0,1083729.625,7.56
NonResidential,1987,4,80360,Non-Refrigerated Warehouse,96.0,686019.1875,16.27
SPS-District K-12,1950,1,61183,K-12 School,92.0,2424724.25,95.54
NonResidential,1921,3,53552,Office,3.0,7070998.5,49.29
NonResidential,2000,3,56986,Multifamily Housing,32.0,1997181.5,25.6
NonResidential,1957,2,22220,Worship Facility,90.0,778355.8125,31.74
SPS-District K-12,1955,1,46732,K-12 School,87.0,2331952.75,89.08
NonResidential,1976,1,44100,Non-Refrigerated Warehouse,1.0,1618916.375,11.29
NonResidential,1965,1,27800,Distribution Center,13.0,1224186.25,24.39
NonResidential,2001,1,46340,Non-Refrigerated Warehouse,3.0,2564004.0,17.87
NonResidential,1910,3,38460,Office,69.0,1950713.25,36.02
NonResidential,1922,2,21022,Worship Facility,54.0,945245.625,43.84
SPS-District K-12,1954,2,51489,K-12 School,93.0,1984067.625,70.76
NonResidential,1967,1,48001,Distribution Center,49.0,2143650.75,86.46
NonResidential,1969,1,37351,Non-Refrigerated Warehouse,10.0,2559461.75,77.04
NonResidential,1981,1,30375,Non-Refrigerated Warehouse,73.0,345866.6875,2.41
NonResidential,1914,2,33589,Worship Facility,90.0,509836.1875,21.93
NonResidential,1979,3,43500,Office,46.0,3220635.25,22.65
NonResidential,1978,2,28492,Office,12.0,1896298.875,37.78
SPS-District K-12,1925,2,37327,K-12 School,92.0,1967476.375,71.06
SPS-District K-12,1930,2,47602,K-12 School,78.0,2249592.5,83.59
NonResidential,1942,3,64630,Office,96.0,1408291.375,9.82
NonResidential,1948,2,20920,Worship Facility,15.0,1042108.5,42.19
NonResidential,1926,2,22128,Worship Facility,94.0,608359.6875,25.24
NonResidential,1968,1,48139,Retail Store,98.0,859236.625,24.02
NonResidential,1949,2,21364,Worship Facility,86.0,965651.125,43.8
NonResidential,1996,1,25735,Retail Store,82.0,1169394.875,18.1
NonResidential,2003,2,49965,Retail Store,82.0,3377209.75,29.54
NonResidential,1929,2,20028,Office,95.0,511797.4063,14.22
NonResidential,1900,7,23622,Office,100.0,552007.5,9.95
NonResidential,1902,3,23563,Office,67.0,883197.6875,6.16
NonResidential,1978,2,26160,Retail Store,55.0,2186018.5,15.24
NonResidential,1906,5,26840,Office,24.0,1989287.0,13.87
NonResidential,1906,2,46800,Retail Store,86.0,1245187.5,8.68
NonResidential,1979,3,37350,Office,51.0,2067352.5,14.63
NonResidential,1908,3,28800,Office,50.0,1345025.75,28.81
NonResidential,1954,3,28584,Office,75.0,1696978.75,60.43
NonResidential,1931,2,26270,Retail Store,32.0,1560461.75,33.78
NonResidential,1926,3,49800,Office,50.0,2385395.0,16.63
NonResidential,1990,5,57800,Hotel,87.0,2443065.25,66.29
NonResidential,1955,2,31890,Financial Office,2.0,1858224.625,12.95
NonResidential,1925,2,30438,Office,53.0,1441900.5,41.69
NonResidential,1952,4,26670,Medical Office,51.0,1553208.375,10.83
NonResidential,1967,4,44416,Hotel,61.0,2669564.25,72.78
NonResidential,1928,2,45991,Worship Facility,77.0,1145535.75,36.43
NonResidential,1921,3,21499,Residence Hall/Dormitory,85.0,605130.6875,4.22
NonResidential,1989,2,20384,Office,16.0,1791071.375,13.91
NonResidential,1956,2,54284,Retail Store,18.0,6778694.0,63.61
NonResidential,1956,1,23409,Retail Store,67.0,2545405.0,28.41
NonResidential,1927,4,32356,Financial Office,81.0,1857154.75,74.92
NonResidential,1960,7,48220,Hotel,24.0,3993913.25,126.3
NonResidential,1978,5,32256,Office,51.0,3460275.5,99.15
NonResidential,1910,2,23931,Worship Facility,88.0,496477.3125,18.66
NonResidential,1948,2,21393,Worship Facility,57.0,845961.375,32.64
NonResidential,1990,2,47560,Distribution Center,80.0,1132489.625,33.23
NonResidential,2006,6,62334,Senior Care Community,100.0,1076733.25,34.98
NonResidential,1957,2,21600,K-12 School,72.0,1261536.75,38.87
NonResidential,1995,3,22860,K-12 School,43.0,931148.625,6.49
NonResidential,1972,1,26366,Worship Facility,88.0,888031.875,32.22
NonResidential,1965,2,21732,Worship Facility,2.0,860364.1875,23.59
SPS-District K-12,1958,1,38624,K-12 School,83.0,1424157.25,38.78
NonResidential,1900,3,32960,Retail Store,71.0,813641.0,5.67
NonResidential,1930,3,20571,Hotel,72.0,716279.6875,4.99
NonResidential,1926,2,47992,Worship Facility,17.0,3040195.5,118.37
NonResidential,1993,3,28572,Residence Hall/Dormitory,16.0,2717863.25,89.57
NonResidential,2000,2,31386,Worship Facility,52.0,1128179.125,27.14
NonResidential,2012,2,57619,Office,68.0,2641681.75,20.08
SPS-District K-12,1971,1,55206,K-12 School,75.0,2345752.5,61.84
NonResidential,1981,3,78374,Senior Care Community,98.0,3321035.75,23.15
NonResidential,1900,5,39960,Office,77.0,2178690.5,49.98
NonResidential,1909,6,35820,Hotel,94.0,3321603.0,130.58
NonResidential,1965,3,49744,K-12 School,98.0,2096835.5,89.29
NonResidential,1923,2,37816,Worship Facility,60.0,1411305.5,43.45
NonResidential,1946,2,25762,Supermarket/Grocery Store,100.0,1906384.875,13.29
NonResidential,1981,3,43387,Office,60.0,2686765.0,34.15
NonResidential,1985,1,37500,Non-Refrigerated Warehouse,36.0,1811506.375,13.16
NonResidential,1990,2,39000,Medical Office,25.0,2615247.75,33.92
SPS-District K-12,1971,1,51704,K-12 School,62.0,1799402.75,41.68
NonResidential,1961,1,29740,Office,57.0,1467060.25,19.82
NonResidential,1970,2,39170,Office,81.0,2130673.75,63.06
NonResidential,1914,1,20000,Retail Store,75.0,557863.6875,3.89
NonResidential,1955,2,32400,Non-Refrigerated Warehouse,91.0,248616.0,1.73
NonResidential,1955,1,26680,Distribution Center,92.0,243518.2031,1.7
NonResidential,1953,1,31521,Non-Refrigerated Warehouse,6.0,1788148.0,61.71
NonResidential,1998,1,35579,Distribution Center,72.0,1096646.25,39.05
NonResidential,1975,1,49950,Distribution Center,77.0,238969.7031,1.67
SPS-District K-12,2001,3,62078,K-12 School,97.0,1955013.5,50.69
NonResidential,1947,2,22612,Worship Facility,87.0,731321.8125,31.6
NonResidential,1938,1,30545,Non-Refrigerated Warehouse,12.0,1577040.875,61.53
NonResidential,1922,3,32691,K-12 School,99.0,971990.3125,29.82
NonResidential,1963,2,24227,Worship Facility,55.0,1086678.125,47.59
NonResidential,1956,1,27000,Distribution Center,61.0,651293.3125,18.85
SPS-District K-12,1999,3,95501,K-12 School,88.0,3009967.0,62.94
NonResidential,1957,2,21183,Office,99.0,361542.0938,2.52
NonResidential,1961,3,25558,Office,91.0,755618.1875,6.18
NonResidential,1985,5,82234,Office,62.0,4704936.5,32.8
NonResidential,1988,3,21118,Residence Hall/Dormitory,49.0,1361427.75,39.5
NonResidential,2013,5,126842,Office,98.0,4489661.0,72.26
NonResidential,1900,2,20500,Office,48.0,1326178.125,11.27
NonResidential,1930,2,25521,Worship Facility,82.0,605186.3125,15.47
NonResidential,1986,1,23190,K-12 School,79.0,1705515.25,68.14
NonResidential,1960,1,20678,Office,98.0,770333.0,32.63
NonResidential,1922,3,28820,K-12 School,43.0,2595783.5,106.45
NonResidential,1954,2,27876,Worship Facility,69.0,1829981.375,68.97
SPS-District K-12,1925,1,48789,K-12 School,94.0,1298307.625,29.41
SPS-District K-12,1925,1,33105,K-12 School,79.0,1725336.25,69.77
NonResidential,1977,1,22320,Non-Refrigerated Warehouse,62.0,439065.9063,3.06
NonResidential,1982,2,40029,Office,69.0,1471914.25,10.26
NonResidential,1970,2,28304,Office,67.0,1269367.5,8.85
NonResidential,1969,2,25872,Office,41.0,2399353.5,81.96
NonResidential,1969,1,20500,Non-Refrigerated Warehouse,65.0,222600.0938,1.55
NonResidential,1958,2,21436,Office,95.0,534703.6875,3.73
NonResidential,1985,3,23307,Office,94.0,1126157.25,28.09
NonResidential,1916,2,25920,Retail Store,5.0,478690.0938,3.34
NonResidential,1919,2,25920,Retail Store,93.0,1011667.5,13.71
NonResidential,1919,2,25920,Office,75.0,1793851.375,46.48
NonResidential,2001,5,27730,Office,79.0,1291405.25,9.0
NonResidential,1911,2,20516,Retail Store,98.0,1021796.625,42.04
NonResidential,1906,3,27480,Retail Store,88.0,1215156.25,8.47
NonResidential,1947,1,46958,Office,95.0,1818867.875,30.32
NonResidential,1984,1,26532,Distribution Center,5.0,1934224.25,66.53
NonResidential,1986,2,35600,Office,47.0,2173143.75,18.34
NonResidential,1949,3,62000,Worship Facility,81.0,1799664.125,82.34
NonResidential,1981,2,23600,Office,82.0,776248.6875,5.41
NonResidential,1986,3,40067,Office,43.0,2303732.75,16.06
NonResidential,1989,3,19497,Office,67.0,1074989.0,7.49
NonResidential,1979,3,25262,Office,54.0,1469556.25,23.85
NonResidential,1980,3,34106,Office,57.0,1619177.125,11.29
NonResidential,1980,3,34545,Office,29.0,2313978.75,16.13
NonResidential,1980,3,70296,Office,86.0,2782066.5,19.39
NonResidential,1902,4,27838,Office,77.0,1217509.125,8.49
NonResidential,1951,2,39815,Office,62.0,2050600.75,40.22
NonResidential,1972,1,48112,Non-Refrigerated Warehouse,73.0,1485945.875,10.36
NonResidential,2001,2,26275,Office,27.0,1772188.5,12.35
NonResidential,1998,1,26115,Retail Store,43.0,1689372.625,36.74
NonResidential,1949,1,26033,Worship Facility,78.0,1149140.25,45.33
NonResidential,2007,4,48660,K-12 School,82.0,1881516.125,61.98
NonResidential,1909,4,29796,Residence Hall/Dormitory,47.0,2233262.0,79.58
NonResidential,1920,2,26400,Retail Store,36.0,983595.875,17.12
NonResidential,1918,3,38148,Office,98.0,1262255.75,8.8
NonResidential,1955,5,31945,Worship Facility,4.0,1806468.0,12.59
NonResidential,1985,5,52908,Office,43.0,4480961.0,31.24
NonResidential,1900,4,34680,Retail Store,92.0,1169948.875,26.38
NonResidential,1915,1,36504,Retail Store,2.0,2100982.75,20.76
NonResidential,1907,6,35200,Office,8.0,2998208.25,20.9
NonResidential,1907,5,35840,Office,83.0,1538750.625,48.35
NonResidential,1941,2,25920,Bank Branch,60.0,1333432.125,9.3
NonResidential,1928,4,30525,Office,17.0,2883139.0,73.61
NonResidential,1962,2,20570,Medical Office,2.0,2946756.25,85.55
NonResidential,1910,3,73549,Office,90.0,2828950.5,107.45
NonResidential,1962,3,37796,Worship Facility,55.0,2465983.5,123.41
NonResidential,1960,1,36444,Non-Refrigerated Warehouse,80.0,161311.0938,1.12
NonResidential,1950,1,27553,Non-Refrigerated Warehouse,63.0,966677.125,31.61
NonResidential,1964,2,45271,Retail Store,57.0,2553763.5,82.72
NonResidential,1920,3,16200,Office,62.0,1372213.375,35.77
NonResidential,1926,3,26176,Office,95.0,966907.375,32.09
NonResidential,1926,1,37740,Office,1.0,7442314.5,73.48
NonResidential,2009,3,23241,Worship Facility,66.0,739210.5,20.64
NonResidential,1999,4,38038,Office,84.0,2003807.75,13.97
NonResidential,2007,4,40000,Office,92.0,2524228.25,77.8
NonResidential,2013,6,29910,Office,92.0,7429423.0,86.51
NonResidential,1926,4,35780,Office,77.0,1912760.75,13.33
NonResidential,1964,4,17824,Office,41.0,564754.1875,3.94
NonResidential,1919,4,47686,Office,72.0,2071670.25,77.48
NonResidential,1990,4,47265,Parking,91.0,1717130.875,11.97
NonResidential,1910,4,36160,Office,47.0,1862176.875,12.98
NonResidential,1909,5,66900,Office,100.0,1634178.25,14.13
NonResidential,2000,3,36959,Office,13.0,3205182.5,22.46
NonResidential,1964,5,44860,Office,68.0,3600571.25,41.22
NonResidential,1959,2,21128,Office,97.0,436604.0938,3.04
NonResidential,1959,4,38520,Hotel,37.0,2804534.0,75.25
NonResidential,1961,3,24930,Hotel,95.0,867184.375,30.22
NonResidential,1960,1,27338,Worship Facility,56.0,581289.0,4.05
NonResidential,1930,3,45864,Office,94.0,2590622.0,115.43
NonResidential,1999,2,49252,K-12 School,23.0,3485865.5,104.91
SPS-District K-12,1950,1,34005,K-12 School,94.0,991918.0,10.15
SPS-District K-12,1949,1,41221,K-12 School,83.0,2246747.5,46.46
NonResidential,1987,3,33176,Office,89.0,1426279.5,35.96
SPS-District K-12,2000,2,75605,K-12 School,83.0,2274873.5,50.67
SPS-District K-12,2008,2,29525,K-12 School,77.0,1297812.75,24.42
SPS-District K-12,1954,1,42292,K-12 School,100.0,0.0,0.0
NonResidential,1977,1,29380,Non-Refrigerated Warehouse,33.0,856088.625,5.97
NonResidential,1922,2,22688,Worship Facility,87.0,331675.0,7.07
NonResidential,1982,2,41262,Office,84.0,1903455.875,13.27
NonResidential,1908,3,45680,Worship Facility,79.0,2077039.375,86.81
NonResidential,1957,1,23562,Worship Facility,96.0,531737.1875,3.71
SPS-District K-12,1988,2,54528,K-12 School,75.0,1972078.625,13.75
NonResidential,1914,2,45594,Refrigerated Warehouse,75.0,1351267.875,9.42
NonResidential,1975,1,28126,Non-Refrigerated Warehouse,44.0,870625.8125,18.63
NonResidential,1964,1,35000,Non-Refrigerated Warehouse,53.0,378714.4063,2.64
NonResidential,1962,1,26150,Non-Refrigerated Warehouse,6.0,1208407.625,26.55
NonResidential,1967,2,24000,Office,73.0,1088556.25,7.59
NonResidential,1968,5,43594,K-12 School,38.0,2478045.5,73.26
NonResidential,1962,1,22047,Worship Facility,100.0,265774.9063,1.85
NonResidential,1979,1,31600,Non-Refrigerated Warehouse,3.0,3363535.5,103.28
NonResidential,2007,1,35289,Non-Refrigerated Warehouse,63.0,876425.0,23.9
NonResidential,1981,1,28920,Non-Refrigerated Warehouse,50.0,1750419.0,80.09
NonResidential,1978,1,22176,Non-Refrigerated Warehouse,60.0,736428.625,32.77
NonResidential,1978,1,31300,Non-Refrigerated Warehouse,89.0,362874.0,9.08
NonResidential,1979,1,22000,Non-Refrigerated Warehouse,14.0,700627.625,4.88
NonResidential,1974,3,39927,Office,38.0,3568419.5,24.88
NonResidential,1980,2,20580,Medical Office,64.0,1002995.0,6.99
NonResidential,1968,2,38745,Medical Office,76.0,2890379.0,49.62
NonResidential,1967,3,38378,Medical Office,86.0,1645605.125,53.73
NonResidential,1980,2,33576,Non-Refrigerated Warehouse,64.0,1275231.75,49.73
NonResidential,1910,2,21765,Worship Facility,80.0,431390.4063,17.38
NonResidential,1901,2,26560,Worship Facility,1.0,1751483.875,64.88
NonResidential,1957,2,20140,Non-Refrigerated Warehouse,49.0,116486.6016,0.81
SPS-District K-12,1955,1,38582,K-12 School,85.0,1848878.5,64.54
NonResidential,1967,1,25500,Office,98.0,1213869.75,55.3
NonResidential,1922,3,35448,K-12 School,97.0,1379932.5,60.34
NonResidential,1975,3,41478,Non-Refrigerated Warehouse,3.0,3035962.25,78.22
NonResidential,1980,1,39840,Non-Refrigerated Warehouse,2.0,752104.0,5.24
NonResidential,1975,1,40445,Worship Facility,92.0,786253.6875,29.24
NonResidential,1996,1,23500,Retail Store,53.0,1137967.5,13.29
NonResidential,1967,1,22420,Retail Store,82.0,1404253.75,31.79
NonResidential,1982,3,25859,Office,88.0,858780.625,14.9
NonResidential,1974,1,25600,Non-Refrigerated Warehouse,1.0,1730600.625,34.26
NonResidential,2008,4,33385,Office,89.0,1294615.25,9.03
NonResidential,1960,1,56884,Non-Refrigerated Warehouse,71.0,1388345.125,37.49
NonResidential,1989,1,32810,Retail Store,66.0,2017967.75,46.44
NonResidential,1961,2,20022,Office,80.0,657385.8125,4.58
NonResidential,1960,2,36498,Distribution Center,89.0,520011.8125,14.81
NonResidential,2007,4,24472,Office,96.0,845044.125,5.94
NonResidential,1979,4,22365,Office,71.0,727385.8125,5.07
NonResidential,1994,4,30172,Office,82.0,904059.875,6.3
NonResidential,1927,4,42500,Non-Refrigerated Warehouse,100.0,241478.5938,1.68
NonResidential,1968,2,23500,Office,26.0,1686405.0,34.52
NonResidential,1966,1,22282,Office,93.0,579888.3125,16.67
NonResidential,1931,2,37500,Office,58.0,2235765.5,44.26
NonResidential,1930,3,23983,K-12 School,61.0,1164364.75,33.28
NonResidential,1980,1,24100,Distribution Center,22.0,809870.8125,30.49
NonResidential,1983,4,29722,Office,64.0,1286817.375,8.97
NonResidential,1983,4,26048,Office,78.0,1755788.5,12.24
NonResidential,1955,2,39497,Non-Refrigerated Warehouse,9.0,1700057.375,28.28
NonResidential,1982,2,27574,Office,73.0,1211349.25,8.44
NonResidential,1965,1,24982,Retail Store,99.0,335245.0,2.34
NonResidential,1998,5,43661,Senior Care Community,4.0,3936421.5,82.57
NonResidential,1987,3,48798,Office,91.0,2472350.25,17.24
NonResidential,1966,1,41615,Retail Store,69.0,1900006.25,13.25
NonResidential,1988,3,28841,Medical Office,55.0,1459199.75,33.42
NonResidential,1924,2,42975,K-12 School,92.0,959352.0,42.96
NonResidential,1988,2,30659,Office,88.0,2619088.5,55.85
NonResidential,1979,2,34759,Medical Office,81.0,1633105.375,11.39
NonResidential,1965,1,21603,Supermarket/Grocery Store,16.0,5833800.0,129.89
NonResidential,1979,1,42900,Distribution Center,53.0,436252.5,3.04
NonResidential,1956,2,25840,Non-Refrigerated Warehouse,92.0,313528.0938,2.19
NonResidential,2001,5,48237,Office,89.0,1981115.25,19.12
SPS-District K-12,1971,1,50546,K-12 School,94.0,1155080.5,12.15
NonResidential,1997,2,40657,Office,57.0,2826828.0,23.6
NonResidential,1970,7,33548,Office,94.0,1403820.0,9.79
NonResidential,1956,3,21282,Office,69.0,1245923.75,62.23
NonResidential,1985,3,20590,Office,100.0,409578.4063,2.86
NonResidential,1977,1,21936,Non-Refrigerated Warehouse,100.0,113130.0,2.69
NonResidential,1988,2,66484,Office,69.0,3046543.0,21.24
NonResidential,1959,3,25151,Office,85.0,1356874.75,62.05
NonResidential,1928,6,35770,Hotel,56.0,2640980.25,112.34
Nonresidential COS,1973,2,21315,Office,34.0,2796425.0,110.66
NonResidential,1984,4,41298,Office,69.0,2190460.0,24.31
NonResidential,1979,3,34030,Office,50.0,1748629.875,22.26
NonResidential,1952,1,41308,Distribution Center,7.0,1642471.5,38.57
NonResidential,1957,1,38255,Non-Refrigerated Warehouse,12.0,985401.8125,33.8
NonResidential,1989,3,48924,Office,71.0,2282551.25,59.24
NonResidential,1959,4,32297,Office,88.0,1602084.375,11.17
NonResidential,2000,3,35224,Office,73.0,1994967.75,13.91
NonResidential,1957,2,24224,Worship Facility,52.0,968026.3125,26.73
NonResidential,1963,1,23706,Worship Facility,78.0,400770.9063,13.12
NonResidential,1959,1,67450,Supermarket/Grocery Store,97.0,2842819.5,55.86
NonResidential,1979,2,37616,Office,100.0,1234095.5,60.57
NonResidential,1940,2,20671,Office,98.0,638507.125,24.76
NonResidential,1927,1,21600,Non-Refrigerated Warehouse,57.0,499828.5938,14.36
NonResidential,1977,1,35844,Worship Facility,14.0,866126.375,6.04
NonResidential,1916,3,31774,Office,85.0,1639136.25,18.87
NonResidential,1953,1,26094,Non-Refrigerated Warehouse,19.0,709990.8125,4.95
NonResidential,1983,2,23687,Office,68.0,1084553.75,7.56
NonResidential,1983,2,24221,Office,20.0,1435562.75,10.01
NonResidential,1900,2,57836,Office,37.0,5381105.0,37.51
NonResidential,1900,2,32027,Office,54.0,3999505.25,128.41
NonResidential,1914,3,34425,Office,84.0,2018385.75,50.07
SPS-District K-12,1971,2,52609,K-12 School,67.0,1801941.75,46.51
NonResidential,1984,3,28304,Medical Office,5.0,1961581.5,13.67
NonResidential,1990,1,29619,Distribution Center,50.0,1280263.75,42.45
NonResidential,1922,2,21592,K-12 School,47.0,1431784.0,54.24
NonResidential,1931,2,23923,K-12 School,69.0,805643.5,19.51
NonResidential,1907,3,25200,Office,47.0,1748444.25,37.08
NonResidential,1963,2,28296,Office,80.0,1328461.25,9.26
NonResidential,1999,3,31357,Office,55.0,1965075.625,22.48
NonResidential,1924,1,38412,Non-Refrigerated Warehouse,62.0,1628540.0,67.05
NonResidential,1953,1,24291,Office,98.0,655422.375,19.61
NonResidential,1966,1,36544,Non-Refrigerated Warehouse,5.0,1269847.75,8.85
NonResidential,1947,1,21349,Distribution Center,70.0,659761.875,17.04
NonResidential,1936,1,38630,Non-Refrigerated Warehouse,33.0,416885.5938,2.91
Nonresidential COS,1985,1,22803,Non-Refrigerated Warehouse,78.0,764094.5,21.5
NonResidential,1951,1,41550,Refrigerated Warehouse,94.0,642645.1875,4.48
SPS-District K-12,2000,2,64493,K-12 School,85.0,1989763.875,28.57
NonResidential,1912,2,42252,K-12 School,49.0,2203758.5,102.35
NonResidential,1981,3,22895,Worship Facility,96.0,440419.1875,12.92
NonResidential,2002,2,36740,Retail Store,100.0,1267463.125,8.84
SPS-District K-12,1961,1,41428,K-12 School,90.0,1404702.25,44.27
NonResidential,1937,1,52325,Non-Refrigerated Warehouse,67.0,808968.1875,18.03
NonResidential,1944,1,25880,Retail Store,100.0,162960.0,1.14
NonResidential,1960,1,45842,Non-Refrigerated Warehouse,99.0,819354.625,12.55
NonResidential,1966,1,20520,Non-Refrigerated Warehouse,20.0,1167887.75,40.85
NonResidential,1945,1,22972,Non-Refrigerated Warehouse,12.0,495481.0,3.45
NonResidential,1953,1,24990,Non-Refrigerated Warehouse,80.0,523614.0938,8.7
NonResidential,1966,1,24354,Distribution Center,10.0,735907.8125,17.29
NonResidential,1959,1,33600,Distribution Center,58.0,847419.375,15.35
NonResidential,1957,1,25520,Refrigerated Warehouse,100.0,1610794.75,59.0
SPS-District K-12,1970,1,41526,K-12 School,79.0,1814947.0,56.04
NonResidential,1974,2,24291,Office,87.0,920430.625,6.42
NonResidential,1958,2,20738,Retail Store,44.0,526752.8125,3.67
NonResidential,1986,2,21329,Medical Office,1.0,2654316.0,18.5
NonResidential,1983,1,23143,Office,75.0,1139980.625,38.87
NonResidential,1962,1,28800,Office,73.0,2107743.75,60.12
NonResidential,1952,1,39600,Non-Refrigerated Warehouse,85.0,405050.4063,2.82
NonResidential,1952,1,39600,Non-Refrigerated Warehouse,91.0,468396.9063,9.25
NonResidential,1937,1,41248,Distribution Center,37.0,1108310.875,16.5
NonResidential,1948,2,35864,Worship Facility,75.0,1228113.5,43.64
NonResidential,1954,1,20484,Worship Facility,69.0,822636.625,38.38
NonResidential,1984,4,27642,Medical Office,4.0,1849331.25,12.89
NonResidential,1960,2,34110,Office,31.0,2563985.5,17.87
NonResidential,1970,1,43390,Non-Refrigerated Warehouse,87.0,533742.8125,3.72
NonResidential,1959,1,35400,Non-Refrigerated Warehouse,84.0,419978.6875,9.29
NonResidential,1966,1,28144,Distribution Center,19.0,858701.0,8.22
NonResidential,1916,3,71283,Non-Refrigerated Warehouse,41.0,2491238.25,43.17
NonResidential,1979,2,47368,Office,99.0,1042652.625,7.27
NonResidential,1984,5,49825,Office,84.0,2602213.75,41.96
NonResidential,1968,1,36071,Retail Store,97.0,1519952.125,50.76
SPS-District K-12,1989,3,51672,K-12 School,97.0,1436510.375,20.3
Nonresidential COS,1990,2,27270,Medical Office,36.0,2108861.75,14.7
NonResidential,1907,2,36000,Office,95.0,1046187.625,18.04
NonResidential,1913,1,36000,Parking,59.0,1162163.125,26.52
NonResidential,1915,2,43200,Non-Refrigerated Warehouse,38.0,1929851.5,49.18
NonResidential,1913,4,40970,Office,71.0,2912454.75,46.85
NonResidential,1975,1,43794,Retail Store,88.0,1164537.75,23.5
NonResidential,1968,1,48280,Non-Refrigerated Warehouse,18.0,2701833.75,78.57
SPS-District K-12,1948,1,64314,K-12 School,86.0,2936336.25,108.05
NonResidential,1950,2,20385,Worship Facility,65.0,809291.8125,34.04
NonResidential,1946,1,24295,Worship Facility,53.0,216115.0,1.51
NonResidential,1967,2,20317,Office,83.0,620994.3125,4.33
NonResidential,1966,1,32000,Non-Refrigerated Warehouse,3.0,2186148.5,41.77
NonResidential,1973,1,36000,Non-Refrigerated Warehouse,44.0,2771820.5,124.4
NonResidential,1979,1,48020,Non-Refrigerated Warehouse,71.0,2373568.25,59.14
NonResidential,1979,1,27420,Non-Refrigerated Warehouse,55.0,1176342.25,39.05
NonResidential,1949,2,43645,K-12 School,71.0,2053956.375,85.15
NonResidential,1952,1,26853,Retail Store,68.0,1399062.75,21.46
NonResidential,1992,1,29394,Non-Refrigerated Warehouse,60.0,1486681.75,26.27
NonResidential,1926,2,20400,Non-Refrigerated Warehouse,69.0,438557.0,12.17
NonResidential,1926,1,20460,Office,16.0,903541.875,6.3
NonResidential,1955,2,21870,Refrigerated Warehouse,45.0,1074350.375,7.49
NonResidential,1970,1,43615,Medical Office,89.0,3133849.5,106.35
NonResidential,1970,3,36879,Office,26.0,1144267.5,7.98
NonResidential,1982,2,36600,Non-Refrigerated Warehouse,80.0,308400.4063,2.15
SPS-District K-12,1959,1,36701,K-12 School,87.0,1564891.75,47.98
NonResidential,1941,1,48890,Non-Refrigerated Warehouse,49.0,2100216.5,61.6
NonResidential,2000,3,43473,Office,3.0,4416909.5,30.79
NonResidential,1990,1,40265,Retail Store,19.0,3740373.75,35.48
NonResidential,2005,1,26208,Retail Store,79.0,1608884.25,37.61
NonResidential,1910,5,32250,Office,92.0,796042.375,11.44
NonResidential,1953,1,51000,Retail Store,95.0,1298039.875,14.17
NonResidential,1920,2,20150,Office,80.0,576174.125,4.02
NonResidential,1909,7,36000,Office,40.0,1682454.875,11.73
NonResidential,1927,1,22580,Office,90.0,928584.875,9.65
NonResidential,1926,1,20000,Non-Refrigerated Warehouse,18.0,743528.125,33.52
NonResidential,1964,1,37247,Retail Store,69.0,1748644.5,58.36
NonResidential,1993,1,25384,Retail Store,11.0,3027867.5,77.23
NonResidential,1900,2,52110,Non-Refrigerated Warehouse,34.0,586589.1875,25.15
NonResidential,1923,1,26310,Office,96.0,771512.6875,14.99
NonResidential,1962,3,29874,K-12 School,95.0,1274049.75,54.27
NonResidential,1965,1,20140,Worship Facility,35.0,992794.6875,47.08
NonResidential,1971,2,39953,Office,93.0,1508561.875,28.05
NonResidential,1998,2,21200,Retail Store,15.0,1676426.5,11.69
NonResidential,1980,1,30630,Supermarket/Grocery Store,27.0,6058494.0,42.24
NonResidential,1980,2,23421,Retail Store,25.0,1896626.375,13.22
NonResidential,1928,2,24120,Worship Facility,66.0,893053.1875,31.54
NonResidential,1929,3,35736,Worship Facility,88.0,1148202.25,51.15
NonResidential,1941,1,51050,Non-Refrigerated Warehouse,10.0,1206165.75,27.75
NonResidential,1954,2,21900,Retail Store,40.0,1302192.875,42.66
NonResidential,1952,1,16300,Distribution Center,100.0,150167.7969,1.6
NonResidential,1964,1,33462,Non-Refrigerated Warehouse,1.0,1386445.375,9.67
NonResidential,1930,1,23903,Non-Refrigerated Warehouse,65.0,415364.5938,14.37
Campus,1923,4,46100,K-12 School,75.0,2177064.75,78.19
NonResidential,1951,2,21936,Worship Facility,96.0,608755.375,28.78
NonResidential,1967,2,23250,Office,55.0,904236.0,6.3
NonResidential,1960,1,30000,Non-Refrigerated Warehouse,32.0,2794837.0,120.72
SPS-District K-12,1962,1,51410,K-12 School,87.0,1968907.25,64.79
NonResidential,1980,4,23022,Office,78.0,1027230.875,14.64
NonResidential,1962,1,31569,Non-Refrigerated Warehouse,12.0,3064039.5,125.59
NonResidential,1956,1,22509,Non-Refrigerated Warehouse,57.0,177812.7969,1.24
NonResidential,1956,1,39984,Non-Refrigerated Warehouse,75.0,1073156.375,36.82
SPS-District K-12,1925,2,73769,K-12 School,92.0,2556131.0,94.85
NonResidential,1906,1,26440,Worship Facility,91.0,719905.1875,27.93
SPS-District K-12,1961,1,43578,K-12 School,83.0,1436773.875,24.63
NonResidential,1949,3,23355,Office,77.0,840549.375,5.86
NonResidential,1965,4,30840,Office,30.0,3542708.5,101.21
NonResidential,1900,1,21850,Worship Facility,100.0,317794.4063,13.09
NonResidential,1914,4,45500,Hotel,77.0,2799595.0,122.0
NonResidential,1938,1,23050,Non-Refrigerated Warehouse,27.0,466672.6875,3.25
NonResidential,1930,1,46059,Retail Store,82.0,1582655.875,20.66
NonResidential,1970,2,23595,Medical Office,72.0,817409.625,6.53
NonResidential,1900,3,28142,Office,96.0,847097.8125,34.08
NonResidential,1902,4,39030,Office,99.0,713326.875,13.69
NonResidential,1916,2,36940,Retail Store,100.0,336745.4063,2.35
NonResidential,1920,1,30240,Retail Store,78.0,1264626.875,18.19
NonResidential,1979,3,35202,Office,2.0,3605755.5,25.14
NonResidential,1910,2,24600,Worship Facility,69.0,331059.5,5.66
NonResidential,1917,3,27544,Office,94.0,1031667.5,17.41
NonResidential,1956,2,21562,Worship Facility,20.0,866806.0,37.28
SPS-District K-12,1925,3,38297,K-12 School,85.0,1845150.625,69.18
NonResidential,1968,1,24200,Worship Facility,73.0,826488.6875,22.38
NonResidential,1938,2,23222,K-12 School,62.0,1219863.125,55.06
NonResidential,1904,3,60000,K-12 School,52.0,3625407.5,121.63
NonResidential,1980,3,30408,Bank Branch,61.0,1440554.25,10.04
NonResidential,1920,3,30109,Office,89.0,1465795.75,34.03
SPS-District K-12,1964,2,39929,K-12 School,82.0,1813718.0,47.18
NonResidential,1960,2,25481,Office,92.0,917100.3125,38.59
NonResidential,1912,2,27788,Office,73.0,2119806.25,35.99
NonResidential,1990,4,33120,Hotel,73.0,1943899.25,58.52
NonResidential,1941,2,22324,Non-Refrigerated Warehouse,53.0,588856.125,22.33
NonResidential,1922,3,27600,Office,84.0,1072151.375,12.57
SPS-District K-12,1971,2,52901,K-12 School,75.0,2240342.0,60.2
NonResidential,1954,1,22583,Senior Care Community,95.0,1981360.0,70.92
NonResidential,1981,3,20660,Office,92.0,720170.6875,5.02
NonResidential,1972,1,29400,Non-Refrigerated Warehouse,69.0,227509.5,1.59
NonResidential,1992,3,22452,Hotel,85.0,1244150.0,41.88
NonResidential,1912,2,25767,Bank Branch,22.0,1581352.75,11.02
NonResidential,1953,4,33910,Retail Store,75.0,1822834.25,38.21
NonResidential,1979,2,78716,Non-Refrigerated Warehouse,38.0,4103800.75,48.13
NonResidential,1910,2,33300,K-12 School,92.0,1594733.625,69.2
NonResidential,1957,1,20962,Office,58.0,1100499.75,7.67
NonResidential,1976,2,19193,Bank Branch,17.0,1159807.125,8.09
NonResidential,1900,4,22840,Office,64.0,881386.1875,6.14
NonResidential,1900,1,20880,Office,94.0,683274.0,4.76
NonResidential,2010,2,25880,Medical Office,8.0,1941728.75,19.81
NonResidential,1950,3,46485,Worship Facility,83.0,1544995.75,47.03
NonResidential,1965,4,56896,Office,96.0,1402048.5,28.46
NonResidential,1978,2,27500,Worship Facility,60.0,577123.125,14.79
NonResidential,1930,2,36630,Office,90.0,541943.3125,3.78
NonResidential,1906,5,41920,Office,95.0,1103594.75,7.69
NonResidential,1905,5,36879,Office,92.0,1537570.25,26.94
NonResidential,1906,4,43484,Non-Refrigerated Warehouse,18.0,1567040.75,10.92
NonResidential,1970,2,26510,Office,91.0,987063.6875,11.18
NonResidential,1938,1,40028,Non-Refrigerated Warehouse,80.0,942415.1875,6.76
NonResidential,2007,3,26282,Office,23.0,2188051.25,15.25
NonResidential,1954,1,21624,Worship Facility,90.0,666687.5,20.96
SPS-District K-12,1970,1,42239,K-12 School,83.0,2145603.5,72.69
SPS-District K-12,1925,3,51360,K-12 School,89.0,1403094.75,30.22
NonResidential,1910,5,40552,Hotel,99.0,1200180.875,53.25
NonResidential,1917,2,24550,Retail Store,100.0,977230.3125,6.73
SPS-District K-12,2000,2,61052,K-12 School,80.0,2366929.5,47.78
NonResidential,1929,3,22124,Residence Hall/Dormitory,82.0,637685.0,4.45
NonResidential,1926,3,27487,Residence Hall/Dormitory,82.0,1594504.875,65.95
NonResidential,1926,4,23616,Residence Hall/Dormitory,55.0,1656420.25,53.65
NonResidential,1976,3,33448,Residence Hall/Dormitory,78.0,998633.5,6.96
NonResidential,1925,2,22344,K-12 School,40.0,1522596.75,55.23
NonResidential,1999,2,32928,Parking,9.0,5652231.0,39.4
SPS-District K-12,1928,2,54943,K-12 School,94.0,2155390.25,83.76
NonResidential,1960,1,44476,Non-Refrigerated Warehouse,33.0,1368120.5,29.7
NonResidential,1969,1,35017,Office,66.0,1295485.25,27.06
NonResidential,1950,3,29084,Residence Hall/Dormitory,66.0,1632498.625,60.83
NonResidential,1963,2,22952,Worship Facility,98.0,470666.6875,19.28
NonResidential,1976,1,21040,Non-Refrigerated Warehouse,43.0,592088.125,19.14
NonResidential,1951,2,28032,Non-Refrigerated Warehouse,52.0,1321065.0,46.61
NonResidential,1974,1,25620,Distribution Center,82.0,550324.1875,20.46
NonResidential,1992,3,33238,Non-Refrigerated Warehouse,14.0,1632472.0,11.38
NonResidential,1912,4,27800,K-12 School,8.0,1181428.75,38.36
SPS-District K-12,1954,1,42128,K-12 School,93.0,1709307.5,49.55
SPS-District K-12,1932,2,44753,K-12 School,96.0,1638691.625,61.25
SPS-District K-12,1989,2,57298,K-12 School,91.0,1586388.75,11.06
NonResidential,1938,3,26373,Worship Facility,75.0,964236.0,38.18
NonResidential,1953,1,42420,Non-Refrigerated Warehouse,34.0,965425.1875,29.39
NonResidential,1974,1,35046,Non-Refrigerated Warehouse,100.0,1063269.125,17.65
NonResidential,1974,1,43380,Non-Refrigerated Warehouse,89.0,405062.0,2.82
NonResidential,1995,3,20410,Office,8.0,2720238.25,77.84
NonResidential,1983,3,18396,Office,87.0,624125.625,4.35
SPS-District K-12,1956,1,45174,K-12 School,84.0,1980825.25,68.89
NonResidential,2002,1,24955,Worship Facility,47.0,689803.0,21.87
NonResidential,1988,2,32961,K-12 School,86.0,1573155.0,62.94
Campus,1950,1,109794,K-12 School,87.0,3296526.25,115.34
NonResidential,1920,3,23422,Office,65.0,2701872.0,128.07
NonResidential,1998,5,38409,Multifamily Housing,93.0,3392129.0,83.65
NonResidential,1920,2,23040,Non-Refrigerated Warehouse,99.0,79711.79688,0.87
NonResidential,1958,2,61880,Non-Refrigerated Warehouse,66.0,595936.5,4.15
NonResidential,1925,2,27938,Office,97.0,1027394.313,7.31
Campus,2000,2,30562,K-12 School,69.0,1622231.375,55.73
NonResidential,2000,3,54969,Retail Store,67.0,3724098.25,39.31
NonResidential,1958,3,25834,Office,73.0,2076289.625,54.02
SPS-District K-12,1925,2,27273,K-12 School,90.0,1258619.125,46.7
NonResidential,2004,6,97229,Multifamily Housing,100.0,1021754.688,7.12
NonResidential,1982,3,25111,Office,77.0,954352.6875,24.97
NonResidential,1953,2,31805,Worship Facility,10.0,1641667.0,68.39
NonResidential,1953,1,20811,K-12 School,95.0,1267348.5,43.97
Nonresidential COS,1967,2,22058,Non-Refrigerated Warehouse,1.0,1987334.75,66.43
NonResidential,1971,1,28320,Distribution Center,1.0,4236396.5,67.96
NonResidential,1955,1,29079,Worship Facility,78.0,861643.6875,22.18
NonResidential,1982,3,19232,Office,82.0,726917.5,5.07
NonResidential,1988,2,20535,Office,7.0,1835804.0,38.71
NonResidential,1965,1,30800,Non-Refrigerated Warehouse,65.0,485971.0,3.39
NonResidential,1922,1,37400,Non-Refrigerated Warehouse,73.0,924192.6875,7.8
NonResidential,1982,5,54015,Office,75.0,3020001.5,21.05
NonResidential,1991,3,103000,Retail Store,89.0,5214621.5,81.18
NonResidential,1904,4,72859,Non-Refrigerated Warehouse,55.0,1498457.875,12.43
SPS-District K-12,2009,2,138705,K-12 School,84.0,4959298.0,124.77
NonResidential,1960,0,30287,Medical Office,32.0,2193115.0,32.72
NonResidential,1985,6,73102,Office,84.0,4307238.5,30.03
NonResidential,1993,1,26263,Office,64.0,1634669.375,11.4
NonResidential,1902,6,74211,Office,97.0,1357119.875,9.46
NonResidential,1988,2,45700,Non-Refrigerated Warehouse,99.0,1544193.75,15.5
NonResidential,2008,2,70292,Worship Facility,37.0,1933811.625,57.59
NonResidential,2013,6,52000,Office,100.0,342726.0938,-0.8
NonResidential,2014,2,35780,K-12 School,22.0,2912264.0,51.59
NonResidential,2013,3,76844,Office,100.0,1363191.625,9.5
NonResidential,2013,3,47673,Office,67.0,2502131.0,20.1
NonResidential,2013,4,39433,Hotel,62.0,3497215.5,24.38
NonResidential,2014,2,48925,K-12 School,82.0,1662054.125,22.76
NonResidential,2010,8,41198,Supermarket/Grocery Store,44.0,7768057.5,82.58
NonResidential,1970,0,89392,Residence Hall/Dormitory,16.0,6960904.5,48.53
NonResidential,2011,0,97040,Residence Hall/Dormitory,69.0,3894142.5,62.41
NonResidential,2014,4,85284,Hotel,72.0,6042399.5,131.02
NonResidential,1929,2,24990,Office,9.0,4420650.5,134.8
NonResidential,2015,3,45000,K-12 School,77.0,1325972.75,9.24
Nonresidential COS,1952,1,13661,Office,75.0,502667.6875,3.5
Nonresidential COS,1960,1,15398,Office,93.0,387810.0,7.79
Nonresidential COS,1990,1,12294,Office,46.0,849745.6875,20.94
